Workbook

Sheet КП
A1: ="Свой интернет-магазин для "&B5
A2: Расчёт на ваших цифрах
A4: Данные бренда
A5: Бренд | B5: Пример бренда
A6: Оборот, ₽/мес | B6: 5000000
A7: Средний чек, ₽ | B7: 2500
A8: Запросы бренда в Яндексе, в мес | B8: 10000 | C8: wordstat.yandex.ru
A9: Подписчики в соцсетях и Telegram | B9: 20000
A10: Покупок одного клиента в год | B10: 3 | C10: Одежда 2–3, косметика 4–6
A12: Что даст свой интернет-магазин
A13: Выручка магазина через год, ₽/мес | B13: =Расчёт!M11
A14: Выручка магазина через 2 года, ₽/мес | B14: =Расчёт!Y11
A15: Прибавка к обороту через 2 года | B15: =Расчёт!Y11/КП!$B$6
A16: Дополнительная выручка за 2 года, ₽ | B16: =Расчёт!Y12
A17: Не уйдёт в комиссии маркетплейса за 2 года, ₽ | B17: =Расчёт!Y12*КП!$B$33
A18: Покупателей в своей базе через 2 года | B18: =Расчёт!Y6
A20: Почему сейчас
A21: • Маркетплейсы удерживают уже около 42% выручки продавца — полтора года назад было около 20%.
A22: • Летом 2026 пострадали склады с товаром больше 400 тыс. продавцов; полная компенсация — только до 500 тыс. ₽.
A23: • Свои интернет-магазины в 2026 году растут на 25,8%, маркетплейсы — около 10% (INFOLine).
A24: Допущения (базовый сценарий, можно не трогать)
A25: Покупатели, перешедшие в свою базу (QR, гарантия, чат), % заказов | B25: 0.03
A26: Повторные покупки базы, сделанные на сайте | B26: 0.35
A27: Отток базы в месяц | B27: 0.05
A28: Доля поиска бренда, которую забирает сайт | B28: 0.2
A29: Конверсия поиска бренда в заказ | B29: 0.03
A30: Подписчики, покупающие на сайте в месяц | B30: 0.004
A31: Средний чек на сайте к текущему | B31: 1.1
A32: Месяцев до выхода на полную мощность | B32: 6
A33: Комиссии и расходы маркетплейса, % выручки | B33: 0.42
A34: Комиссии маркетплейсов: 42% выручки по данным сервиса «Финансист» (RB.ru, 25.09.2026).

Sheet Расчёт
A1: Помесячный расчёт, базовый сценарий
A3: Месяц | B3: 1 | C3: 2 | D3: 3 | E3: 4 | F3: 5 | G3: 6 | H3: 7 | I3: 8 | J3: 9 | K3: 10 | L3: 11 | M3: 12 | N3: 13 | O3: 14 | P3: 15 | Q3: 16 | R3: 17 | S3: 18 | T3: 19 | U3: 20 | V3: 21 | W3: 22 | X3: 23 | Y3: 24
A4: Разгон | B4: =MIN(1,B3/КП!$B$32) | C4: =MIN(1,C3/КП!$B$32) | D4: =MIN(1,D3/КП!$B$32) | E4: =MIN(1,E3/КП!$B$32) | F4: =MIN(1,F3/КП!$B$32) | G4: =MIN(1,G3/КП!$B$32) | H4: =MIN(1,H3/КП!$B$32) | I4: =MIN(1,I3/КП!$B$32) | ... Y4: =MIN(1,Y3/КП!$B$32)
A5: Новые в базе | B5: =КП!$B$6/КП!$B$7*КП!$B$25*B4+B8+B9 | C5: =КП!$B$6/КП!$B$7*КП!$B$25*C4+C8+C9 | D5: =КП!$B$6/КП!$B$7*КП!$B$25*D4+D8+D9 | E5: =КП!$B$6/КП!$B$7*КП!$B$25*E4+E8+E9 | F5: =КП!$B$6/КП!$B$7*КП!$B$25*F4+F8+F9 | G5: =КП!$B$6/КП!$B$7*КП!$B$25*G4+G8+G9 | H5: =КП!$B$6/КП!$B$7*КП!$B$25*H4+H8+H9 | I5: =КП!$B$6/КП!$B$7*КП!$B$25*I4+I8+I9 | ... Y5: =КП!$B$6/КП!$B$7*КП!$B$25*Y4+Y8+Y9
A6: База | B6: =B5 | C6: =B6*(1-КП!$B$27)+C5 | D6: =C6*(1-КП!$B$27)+D5 | E6: =D6*(1-КП!$B$27)+E5 | F6: =E6*(1-КП!$B$27)+F5 | G6: =F6*(1-КП!$B$27)+G5 | H6: =G6*(1-КП!$B$27)+H5 | I6: =H6*(1-КП!$B$27)+I5 | J6: =I6*(1-КП!$B$27)+J5 | ... Y6: =X6*(1-КП!$B$27)+Y5
A7: Заказы: база | B7: =0 | C7: =B6*КП!$B$10/12*КП!$B$26 | D7: =C6*КП!$B$10/12*КП!$B$26 | E7: =D6*КП!$B$10/12*КП!$B$26 | F7: =E6*КП!$B$10/12*КП!$B$26 | G7: =F6*КП!$B$10/12*КП!$B$26 | H7: =G6*КП!$B$10/12*КП!$B$26 | I7: =H6*КП!$B$10/12*КП!$B$26 | J7: =I6*КП!$B$10/12*КП!$B$26 | ... Y7: =X6*КП!$B$10/12*КП!$B$26
A8: Заказы: поиск бренда | B8: =КП!$B$8*КП!$B$28*КП!$B$29*B4 | C8: =КП!$B$8*КП!$B$28*КП!$B$29*C4 | D8: =КП!$B$8*КП!$B$28*КП!$B$29*D4 | E8: =КП!$B$8*КП!$B$28*КП!$B$29*E4 | F8: =КП!$B$8*КП!$B$28*КП!$B$29*F4 | G8: =КП!$B$8*КП!$B$28*КП!$B$29*G4 | H8: =КП!$B$8*КП!$B$28*КП!$B$29*H4 | I8: =КП!$B$8*КП!$B$28*КП!$B$29*I4 | ... Y8: =КП!$B$8*КП!$B$28*КП!$B$29*Y4
A9: Заказы: соцсети | B9: =КП!$B$9*КП!$B$30*B4 | C9: =КП!$B$9*КП!$B$30*C4 | D9: =КП!$B$9*КП!$B$30*D4 | E9: =КП!$B$9*КП!$B$30*E4 | F9: =КП!$B$9*КП!$B$30*F4 | G9: =КП!$B$9*КП!$B$30*G4 | H9: =КП!$B$9*КП!$B$30*H4 | I9: =КП!$B$9*КП!$B$30*I4 | ... Y9: =КП!$B$9*КП!$B$30*Y4
A10: Заказы всего | B10: =B7+B8+B9 | C10: =C7+C8+C9 | D10: =D7+D8+D9 | E10: =E7+E8+E9 | F10: =F7+F8+F9 | G10: =G7+G8+G9 | H10: =H7+H8+H9 | I10: =I7+I8+I9 | ... Y10: =Y7+Y8+Y9
A11: Выручка магазина, ₽ | B11: =B10*КП!$B$7*КП!$B$31 | C11: =C10*КП!$B$7*КП!$B$31 | D11: =D10*КП!$B$7*КП!$B$31 | E11: =E10*КП!$B$7*КП!$B$31 | F11: =F10*КП!$B$7*КП!$B$31 | G11: =G10*КП!$B$7*КП!$B$31 | H11: =H10*КП!$B$7*КП!$B$31 | I11: =I10*КП!$B$7*КП!$B$31 | ... Y11: =Y10*КП!$B$7*КП!$B$31
A12: Нарастающим итогом, ₽ | B12: =B11 | C12: =B12+C11 | D12: =C12+D11 | E12: =D12+E11 | F12: =E12+F11 | G12: =F12+G11 | H12: =G12+H11 | I12: =H12+I11 | J12: =I12+J11 | ... Y12: =X12+Y11
